<krpano showerrors="false">
	
	<!-- 载入进度条 -->
	
	
	<!-- 载入进度条事件 -->
	<!-- <events name="loadingbar" keep="true"
	        onxmlcomplete="loadingbar_startloading();"
	        onloadcomplete="delayedcall(0.25, loadingbar_stoploading() );"
	        /> -->
 
 
	<!-- 载入进度条图形，利用layer的容器类型完成，分别设置背景、已经载入部分与尚未载入部分 -->
	<!-- <layer name="loadingbar_bg" keep="true" type="container" bgcolor="0xa8b0b6" bgalpha="0.5" align="bottom" y="30%" width="33%" height="20" enabled="false" visible="false">
		<layer name="loadingbar_space" type="container" align="left" x="4" width="-8" height="12">
			<layer name="loadingbar_fill" type="container" bgcolor="0x005294" bgalpha="1.0" align="lefttop" width="0" height="100%" />
		</layer>
	</layer> -->
 
	
	<!-- 载入进度条的动作，这里利用了一个progress元素的progress属性来查看当前的载入进度，然后得出pv也就是百分百。 然后利用这个百分比控制上面进度条的宽度-->	
	<!-- <action name="loadingbar_startloading">
		set(loadingbar_isloading, true);
		set(layer[loadingbar_bg].visible, true);
		
		asyncloop(loadingbar_isloading,
			mul(pv, progress.progress, 100);
			txtadd(pv, '%');
			copy(layer[loadingbar_fill].width, pv);
		  );
	</action>
	
	<action name="loadingbar_stoploading">
		set(loadingbar_isloading, false); 
		set(layer[loadingbar_bg].visible, false);
	</action> -->

	<!-- 场景加载完成后执行 -->
	<!-- <events name="loadingbar" keep="true"
	        onxmlcomplete="loadingbar_startloading();"
	        onloadcomplete="delayedcall(0.25, loadingbar_stoploading() );"
	        /> -->
	<events name="loadingbar" keep="true"
	        onloadcomplete="delayedcall(0.25, loadingbar_stoploading() );"
	        />
	<action name="loadingbar_stoploading">
		js(eval(this.panoOnloadComplete()))
	</action>

	<!-- 播放音乐 -->
	<!-- <plugin name="soundinterface"
		url="%SWFPATH%/plugins/soundinterface.swf"
		alturl="%SWFPATH%/plugins/soundinterface.js"
		rootpath=""
		preload="true"
		keep="true"
	/> -->
</krpano>